"x","y","X202312"
-81.4098975679118,15.6644102389022,-9999
-80.9607399258529,15.6644102389022,-9999
-80.5115822837941,15.6644102389022,-9999
-80.0624246417353,15.6644102389022,-9999
-79.6132669996765,15.6644102389022,-9999
-79.1641093576176,15.6644102389022,-9999
-78.7149517155588,15.6644102389022,-9999
-78.2657940735,15.6644102389022,-9999
-77.8166364314412,15.6644102389022,-9999
-77.3674787893824,15.6644102389022,-9999
-76.9183211473235,15.6644102389022,-9999
-76.4691635052647,15.6644102389022,-9999
-76.0200058632059,15.6644102389022,-9999
-75.5708482211471,15.6644102389022,-9999
-75.1216905790882,15.6644102389022,-9999
-74.6725329370294,15.6644102389022,-9999
-74.2233752949706,15.6644102389022,-9999
-73.7742176529118,15.6644102389022,-9999
-73.3250600108529,15.6644102389022,-9999
-72.8759023687941,15.6644102389022,-9999
-72.4267447267353,15.6644102389022,-9999
-71.9775870846765,15.6644102389022,-9999
-71.5284294426177,15.6644102389022,-9999
-71.0792718005588,15.6644102389022,-9999
-70.6301141585,15.6644102389022,-9999
-70.1809565164412,15.6644102389022,-9999
-69.7317988743823,15.6644102389022,-9999
-69.2826412323235,15.6644102389022,-9999
-68.8334835902647,15.6644102389022,-9999
-68.3843259482059,15.6644102389022,-9999
-67.935168306147,15.6644102389022,-9999
-67.4860106640882,15.6644102389022,-9999
-67.0368530220294,15.6644102389022,-9999
-81.4098975679118,15.215252596837,-9999
-80.9607399258529,15.215252596837,-9999
-80.5115822837941,15.215252596837,-9999
-80.0624246417353,15.215252596837,-9999
-79.6132669996765,15.215252596837,-9999
-79.1641093576176,15.215252596837,-9999
-78.7149517155588,15.215252596837,-9999
-78.2657940735,15.215252596837,-9999
-77.8166364314412,15.215252596837,-9999
-77.3674787893824,15.215252596837,-9999
-76.9183211473235,15.215252596837,-9999
-76.4691635052647,15.215252596837,-9999
-76.0200058632059,15.215252596837,-9999
-75.5708482211471,15.215252596837,-9999
-75.1216905790882,15.215252596837,-9999
-74.6725329370294,15.215252596837,-9999
-74.2233752949706,15.215252596837,-9999
-73.7742176529118,15.215252596837,-9999
-73.3250600108529,15.215252596837,-9999
-72.8759023687941,15.215252596837,-9999
-72.4267447267353,15.215252596837,-9999
-71.9775870846765,15.215252596837,-9999
-71.5284294426177,15.215252596837,-9999
-71.0792718005588,15.215252596837,-9999
-70.6301141585,15.215252596837,-9999
-70.1809565164412,15.215252596837,-9999
-69.7317988743823,15.215252596837,-9999
-69.2826412323235,15.215252596837,-9999
-68.8334835902647,15.215252596837,-9999
-68.3843259482059,15.215252596837,-9999
-67.935168306147,15.215252596837,-9999
-67.4860106640882,15.215252596837,-9999
-67.0368530220294,15.215252596837,-9999
-81.4098975679118,14.7660949547717,-9999
-80.9607399258529,14.7660949547717,-9999
-80.5115822837941,14.7660949547717,-9999
-80.0624246417353,14.7660949547717,-9999
-79.6132669996765,14.7660949547717,-9999
-79.1641093576176,14.7660949547717,-9999
-78.7149517155588,14.7660949547717,-9999
-78.2657940735,14.7660949547717,-9999
-77.8166364314412,14.7660949547717,-9999
-77.3674787893824,14.7660949547717,-9999
-76.9183211473235,14.7660949547717,-9999
-76.4691635052647,14.7660949547717,-9999
-76.0200058632059,14.7660949547717,-9999
-75.5708482211471,14.7660949547717,-9999
-75.1216905790882,14.7660949547717,-9999
-74.6725329370294,14.7660949547717,-9999
-74.2233752949706,14.7660949547717,-9999
-73.7742176529118,14.7660949547717,-9999
-73.3250600108529,14.7660949547717,-9999
-72.8759023687941,14.7660949547717,-9999
-72.4267447267353,14.7660949547717,-9999
-71.9775870846765,14.7660949547717,-9999
-71.5284294426177,14.7660949547717,-9999
-71.0792718005588,14.7660949547717,-9999
-70.6301141585,14.7660949547717,-9999
-70.1809565164412,14.7660949547717,-9999
-69.7317988743823,14.7660949547717,-9999
-69.2826412323235,14.7660949547717,-9999
-68.8334835902647,14.7660949547717,-9999
-68.3843259482059,14.7660949547717,-9999
-67.935168306147,14.7660949547717,-9999
-67.4860106640882,14.7660949547717,-9999
-67.0368530220294,14.7660949547717,-9999
-81.4098975679118,14.3169373127065,-9999
-80.9607399258529,14.3169373127065,-9999
-80.5115822837941,14.3169373127065,-9999
-80.0624246417353,14.3169373127065,-9999
-79.6132669996765,14.3169373127065,-9999
-79.1641093576176,14.3169373127065,-9999
-78.7149517155588,14.3169373127065,-9999
-78.2657940735,14.3169373127065,-9999
-77.8166364314412,14.3169373127065,-9999
-77.3674787893824,14.3169373127065,-9999
-76.9183211473235,14.3169373127065,-9999
-76.4691635052647,14.3169373127065,-9999
-76.0200058632059,14.3169373127065,-9999
-75.5708482211471,14.3169373127065,-9999
-75.1216905790882,14.3169373127065,-9999
-74.6725329370294,14.3169373127065,-9999
-74.2233752949706,14.3169373127065,-9999
-73.7742176529118,14.3169373127065,-9999
-73.3250600108529,14.3169373127065,-9999
-72.8759023687941,14.3169373127065,-9999
-72.4267447267353,14.3169373127065,-9999
-71.9775870846765,14.3169373127065,-9999
-71.5284294426177,14.3169373127065,-9999
-71.0792718005588,14.3169373127065,-9999
-70.6301141585,14.3169373127065,-9999
-70.1809565164412,14.3169373127065,-9999
-69.7317988743823,14.3169373127065,-9999
-69.2826412323235,14.3169373127065,-9999
-68.8334835902647,14.3169373127065,-9999
-68.3843259482059,14.3169373127065,-9999
-67.935168306147,14.3169373127065,-9999
-67.4860106640882,14.3169373127065,-9999
-67.0368530220294,14.3169373127065,-9999
-81.4098975679118,13.8677796706413,-9999
-80.9607399258529,13.8677796706413,-9999
-80.5115822837941,13.8677796706413,-9999
-80.0624246417353,13.8677796706413,-9999
-79.6132669996765,13.8677796706413,-9999
-79.1641093576176,13.8677796706413,-9999
-78.7149517155588,13.8677796706413,-9999
-78.2657940735,13.8677796706413,-9999
-77.8166364314412,13.8677796706413,-9999
-77.3674787893824,13.8677796706413,-9999
-76.9183211473235,13.8677796706413,-9999
-76.4691635052647,13.8677796706413,-9999
-76.0200058632059,13.8677796706413,-9999
-75.5708482211471,13.8677796706413,-9999
-75.1216905790882,13.8677796706413,-9999
-74.6725329370294,13.8677796706413,-9999
-74.2233752949706,13.8677796706413,-9999
-73.7742176529118,13.8677796706413,-9999
-73.3250600108529,13.8677796706413,-9999
-72.8759023687941,13.8677796706413,-9999
-72.4267447267353,13.8677796706413,-9999
-71.9775870846765,13.8677796706413,-9999
-71.5284294426177,13.8677796706413,-9999
-71.0792718005588,13.8677796706413,-9999
-70.6301141585,13.8677796706413,-9999
-70.1809565164412,13.8677796706413,-9999
-69.7317988743823,13.8677796706413,-9999
-69.2826412323235,13.8677796706413,-9999
-68.8334835902647,13.8677796706413,-9999
-68.3843259482059,13.8677796706413,-9999
-67.935168306147,13.8677796706413,-9999
-67.4860106640882,13.8677796706413,-9999
-67.0368530220294,13.8677796706413,-9999
-81.4098975679118,13.4186220285761,-9999
-80.9607399258529,13.4186220285761,-9999
-80.5115822837941,13.4186220285761,-9999
-80.0624246417353,13.4186220285761,-9999
-79.6132669996765,13.4186220285761,-9999
-79.1641093576176,13.4186220285761,-9999
-78.7149517155588,13.4186220285761,-9999
-78.2657940735,13.4186220285761,-9999
-77.8166364314412,13.4186220285761,-9999
-77.3674787893824,13.4186220285761,-9999
-76.9183211473235,13.4186220285761,-9999
-76.4691635052647,13.4186220285761,-9999
-76.0200058632059,13.4186220285761,-9999
-75.5708482211471,13.4186220285761,-9999
-75.1216905790882,13.4186220285761,-9999
-74.6725329370294,13.4186220285761,-9999
-74.2233752949706,13.4186220285761,-9999
-73.7742176529118,13.4186220285761,-9999
-73.3250600108529,13.4186220285761,-9999
-72.8759023687941,13.4186220285761,-9999
-72.4267447267353,13.4186220285761,-9999
-71.9775870846765,13.4186220285761,-9999
-71.5284294426177,13.4186220285761,-9999
-71.0792718005588,13.4186220285761,-9999
-70.6301141585,13.4186220285761,-9999
-70.1809565164412,13.4186220285761,-9999
-69.7317988743823,13.4186220285761,-9999
-69.2826412323235,13.4186220285761,-9999
-68.8334835902647,13.4186220285761,-9999
-68.3843259482059,13.4186220285761,-9999
-67.935168306147,13.4186220285761,-9999
-67.4860106640882,13.4186220285761,-9999
-67.0368530220294,13.4186220285761,-9999
-81.4098975679118,12.9694643865109,-9999
-80.9607399258529,12.9694643865109,-9999
-80.5115822837941,12.9694643865109,-9999
-80.0624246417353,12.9694643865109,-9999
-79.6132669996765,12.9694643865109,-9999
-79.1641093576176,12.9694643865109,-9999
-78.7149517155588,12.9694643865109,-9999
-78.2657940735,12.9694643865109,-9999
-77.8166364314412,12.9694643865109,-9999
-77.3674787893824,12.9694643865109,-9999
-76.9183211473235,12.9694643865109,-9999
-76.4691635052647,12.9694643865109,-9999
-76.0200058632059,12.9694643865109,-9999
-75.5708482211471,12.9694643865109,-9999
-75.1216905790882,12.9694643865109,-9999
-74.6725329370294,12.9694643865109,-9999
-74.2233752949706,12.9694643865109,-9999
-73.7742176529118,12.9694643865109,-9999
-73.3250600108529,12.9694643865109,-9999
-72.8759023687941,12.9694643865109,-9999
-72.4267447267353,12.9694643865109,-9999
-71.9775870846765,12.9694643865109,-9999
-71.5284294426177,12.9694643865109,-9999
-71.0792718005588,12.9694643865109,-9999
-70.6301141585,12.9694643865109,-9999
-70.1809565164412,12.9694643865109,-9999
-69.7317988743823,12.9694643865109,-9999
-69.2826412323235,12.9694643865109,-9999
-68.8334835902647,12.9694643865109,-9999
-68.3843259482059,12.9694643865109,-9999
-67.935168306147,12.9694643865109,-9999
-67.4860106640882,12.9694643865109,-9999
-67.0368530220294,12.9694643865109,-9999
-81.4098975679118,12.5203067444457,-9999
-80.9607399258529,12.5203067444457,-9999
-80.5115822837941,12.5203067444457,-9999
-80.0624246417353,12.5203067444457,-9999
-79.6132669996765,12.5203067444457,-9999
-79.1641093576176,12.5203067444457,-9999
-78.7149517155588,12.5203067444457,-9999
-78.2657940735,12.5203067444457,-9999
-77.8166364314412,12.5203067444457,-9999
-77.3674787893824,12.5203067444457,-9999
-76.9183211473235,12.5203067444457,-9999
-76.4691635052647,12.5203067444457,-9999
-76.0200058632059,12.5203067444457,-9999
-75.5708482211471,12.5203067444457,-9999
-75.1216905790882,12.5203067444457,-9999
-74.6725329370294,12.5203067444457,-9999
-74.2233752949706,12.5203067444457,-9999
-73.7742176529118,12.5203067444457,-9999
-73.3250600108529,12.5203067444457,-9999
-72.8759023687941,12.5203067444457,-9999
-72.4267447267353,12.5203067444457,-9999
-71.9775870846765,12.5203067444457,7.74397904024227e-06
-71.5284294426177,12.5203067444457,-9999
-71.0792718005588,12.5203067444457,-9999
-70.6301141585,12.5203067444457,-9999
-70.1809565164412,12.5203067444457,9.99683288682718e-06
-69.7317988743823,12.5203067444457,9.92759760265471e-06
-69.2826412323235,12.5203067444457,-9999
-68.8334835902647,12.5203067444457,-9999
-68.3843259482059,12.5203067444457,-9999
-67.935168306147,12.5203067444457,-9999
-67.4860106640882,12.5203067444457,-9999
-67.0368530220294,12.5203067444457,-9999
-81.4098975679118,12.0711491023804,-9999
-80.9607399258529,12.0711491023804,-9999
-80.5115822837941,12.0711491023804,-9999
-80.0624246417353,12.0711491023804,-9999
-79.6132669996765,12.0711491023804,-9999
-79.1641093576176,12.0711491023804,-9999
-78.7149517155588,12.0711491023804,-9999
-78.2657940735,12.0711491023804,-9999
-77.8166364314412,12.0711491023804,-9999
-77.3674787893824,12.0711491023804,-9999
-76.9183211473235,12.0711491023804,-9999
-76.4691635052647,12.0711491023804,-9999
-76.0200058632059,12.0711491023804,-9999
-75.5708482211471,12.0711491023804,-9999
-75.1216905790882,12.0711491023804,-9999
-74.6725329370294,12.0711491023804,-9999
-74.2233752949706,12.0711491023804,-9999
-73.7742176529118,12.0711491023804,-9999
-73.3250600108529,12.0711491023804,-9999
-72.8759023687941,12.0711491023804,-9999
-72.4267447267353,12.0711491023804,-9999
-71.9775870846765,12.0711491023804,2.83242434306885e-06
-71.5284294426177,12.0711491023804,5.59087084184284e-06
-71.0792718005588,12.0711491023804,4.46513467977638e-06
-70.6301141585,12.0711491023804,-9999
-70.1809565164412,12.0711491023804,1.31897431856487e-05
-69.7317988743823,12.0711491023804,1.00519537227228e-05
-69.2826412323235,12.0711491023804,-9999
-68.8334835902647,12.0711491023804,1.43776305776555e-05
-68.3843259482059,12.0711491023804,1.47586288221646e-05
-67.935168306147,12.0711491023804,-9999
-67.4860106640882,12.0711491023804,-9999
-67.0368530220294,12.0711491023804,-9999
-81.4098975679118,11.6219914603152,-9999
-80.9607399258529,11.6219914603152,-9999
-80.5115822837941,11.6219914603152,-9999
-80.0624246417353,11.6219914603152,-9999
-79.6132669996765,11.6219914603152,-9999
-79.1641093576176,11.6219914603152,-9999
-78.7149517155588,11.6219914603152,-9999
-78.2657940735,11.6219914603152,-9999
-77.8166364314412,11.6219914603152,-9999
-77.3674787893824,11.6219914603152,-9999
-76.9183211473235,11.6219914603152,-9999
-76.4691635052647,11.6219914603152,-9999
-76.0200058632059,11.6219914603152,-9999
-75.5708482211471,11.6219914603152,-9999
-75.1216905790882,11.6219914603152,-9999
-74.6725329370294,11.6219914603152,-9999
-74.2233752949706,11.6219914603152,-9999
-73.7742176529118,11.6219914603152,-9999
-73.3250600108529,11.6219914603152,-9999
-72.8759023687941,11.6219914603152,-9999
-72.4267447267353,11.6219914603152,7.88150487096573e-07
-71.9775870846765,11.6219914603152,1.67828898156586e-06
-71.5284294426177,11.6219914603152,2.17518345380086e-06
-71.0792718005588,11.6219914603152,-9999
-70.6301141585,11.6219914603152,-9999
-70.1809565164412,11.6219914603152,1.2623555448954e-05
-69.7317988743823,11.6219914603152,1.94772637769347e-05
-69.2826412323235,11.6219914603152,-9999
-68.8334835902647,11.6219914603152,-9999
-68.3843259482059,11.6219914603152,-9999
-67.935168306147,11.6219914603152,-9999
-67.4860106640882,11.6219914603152,-9999
-67.0368530220294,11.6219914603152,-9999
-81.4098975679118,11.17283381825,-9999
-80.9607399258529,11.17283381825,-9999
-80.5115822837941,11.17283381825,-9999
-80.0624246417353,11.17283381825,-9999
-79.6132669996765,11.17283381825,-9999
-79.1641093576176,11.17283381825,-9999
-78.7149517155588,11.17283381825,-9999
-78.2657940735,11.17283381825,-9999
-77.8166364314412,11.17283381825,-9999
-77.3674787893824,11.17283381825,-9999
-76.9183211473235,11.17283381825,-9999
-76.4691635052647,11.17283381825,-9999
-76.0200058632059,11.17283381825,-9999
-75.5708482211471,11.17283381825,-9999
-75.1216905790882,11.17283381825,4.78684250992956e-06
-74.6725329370294,11.17283381825,3.29506792695611e-06
-74.2233752949706,11.17283381825,6.72181295158225e-06
-73.7742176529118,11.17283381825,4.31700354965869e-05
-73.3250600108529,11.17283381825,1.84882646863116e-05
-72.8759023687941,11.17283381825,6.0648753787973e-06
-72.4267447267353,11.17283381825,1.10002056317171e-05
-71.9775870846765,11.17283381825,6.91868626745418e-06
-71.5284294426177,11.17283381825,4.71191106043989e-06
-71.0792718005588,11.17283381825,4.31466696682037e-06
-70.6301141585,11.17283381825,5.714865437767e-06
-70.1809565164412,11.17283381825,7.49405626265798e-06
-69.7317988743823,11.17283381825,9.83356312644901e-06
-69.2826412323235,11.17283381825,2.03314812097233e-05
-68.8334835902647,11.17283381825,2.57596439041663e-05
-68.3843259482059,11.17283381825,2.04289372049971e-05
-67.935168306147,11.17283381825,-9999
-67.4860106640882,11.17283381825,-9999
-67.0368530220294,11.17283381825,-9999
-81.4098975679118,10.7236761761848,-9999
-80.9607399258529,10.7236761761848,-9999
-80.5115822837941,10.7236761761848,-9999
-80.0624246417353,10.7236761761848,-9999
-79.6132669996765,10.7236761761848,-9999
-79.1641093576176,10.7236761761848,-9999
-78.7149517155588,10.7236761761848,-9999
-78.2657940735,10.7236761761848,-9999
-77.8166364314412,10.7236761761848,-9999
-77.3674787893824,10.7236761761848,-9999
-76.9183211473235,10.7236761761848,-9999
-76.4691635052647,10.7236761761848,-9999
-76.0200058632059,10.7236761761848,-9999
-75.5708482211471,10.7236761761848,3.83851238439092e-06
-75.1216905790882,10.7236761761848,6.88641421220382e-06
-74.6725329370294,10.7236761761848,5.84442705076071e-06
-74.2233752949706,10.7236761761848,5.93142567595351e-06
-73.7742176529118,10.7236761761848,1.72162781382212e-05
-73.3250600108529,10.7236761761848,1.18697853395133e-05
-72.8759023687941,10.7236761761848,1.18458001452382e-05
-72.4267447267353,10.7236761761848,2.16021471715067e-05
-71.9775870846765,10.7236761761848,8.4338153101271e-06
-71.5284294426177,10.7236761761848,5.7585953072703e-06
-71.0792718005588,10.7236761761848,6.71456837153528e-06
-70.6301141585,10.7236761761848,7.07626077200985e-06
-70.1809565164412,10.7236761761848,8.37955849419814e-06
-69.7317988743823,10.7236761761848,7.67467099649366e-06
-69.2826412323235,10.7236761761848,1.40625816129614e-05
-68.8334835902647,10.7236761761848,2.0595922251232e-05
-68.3843259482059,10.7236761761848,3.27568122884259e-05
-67.935168306147,10.7236761761848,1.9406736100791e-05
-67.4860106640882,10.7236761761848,1.19560472739977e-05
-67.0368530220294,10.7236761761848,1.61427433340577e-05
-81.4098975679118,10.2745185341196,-9999
-80.9607399258529,10.2745185341196,-9999
-80.5115822837941,10.2745185341196,-9999
-80.0624246417353,10.2745185341196,-9999
-79.6132669996765,10.2745185341196,-9999
-79.1641093576176,10.2745185341196,-9999
-78.7149517155588,10.2745185341196,-9999
-78.2657940735,10.2745185341196,-9999
-77.8166364314412,10.2745185341196,-9999
-77.3674787893824,10.2745185341196,-9999
-76.9183211473235,10.2745185341196,-9999
-76.4691635052647,10.2745185341196,-9999
-76.0200058632059,10.2745185341196,-9999
-75.5708482211471,10.2745185341196,4.93979996463167e-06
-75.1216905790882,10.2745185341196,6.52515973342815e-06
-74.6725329370294,10.2745185341196,7.36427591618849e-06
-74.2233752949706,10.2745185341196,6.80211815051734e-06
-73.7742176529118,10.2745185341196,8.58801286085509e-06
-73.3250600108529,10.2745185341196,1.08511103462661e-05
-72.8759023687941,10.2745185341196,2.34937888308195e-05
-72.4267447267353,10.2745185341196,2.66309016296873e-05
-71.9775870846765,10.2745185341196,9.01331532077165e-06
-71.5284294426177,10.2745185341196,4.83309304399882e-06
-71.0792718005588,10.2745185341196,8.39183667267207e-06
-70.6301141585,10.2745185341196,9.31813337956555e-06
-70.1809565164412,10.2745185341196,9.03116233530454e-06
-69.7317988743823,10.2745185341196,8.57034683576785e-06
-69.2826412323235,10.2745185341196,8.20309378468664e-06
-68.8334835902647,10.2745185341196,1.35048367155832e-05
-68.3843259482059,10.2745185341196,1.68472524819663e-05
-67.935168306147,10.2745185341196,1.10099417724996e-05
-67.4860106640882,10.2745185341196,7.42252541385824e-06
-67.0368530220294,10.2745185341196,1.56760379468324e-05
-81.4098975679118,9.82536089205435,-9999
-80.9607399258529,9.82536089205435,-9999
-80.5115822837941,9.82536089205435,-9999
-80.0624246417353,9.82536089205435,-9999
-79.6132669996765,9.82536089205435,-9999
-79.1641093576176,9.82536089205435,-9999
-78.7149517155588,9.82536089205435,-9999
-78.2657940735,9.82536089205435,-9999
-77.8166364314412,9.82536089205435,-9999
-77.3674787893824,9.82536089205435,-9999
-76.9183211473235,9.82536089205435,-9999
-76.4691635052647,9.82536089205435,-9999
-76.0200058632059,9.82536089205435,-9999
-75.5708482211471,9.82536089205435,7.6366286521079e-06
-75.1216905790882,9.82536089205435,9.98077484837268e-06
-74.6725329370294,9.82536089205435,6.67719632474473e-06
-74.2233752949706,9.82536089205435,7.4197851063218e-06
-73.7742176529118,9.82536089205435,6.7339706220082e-06
-73.3250600108529,9.82536089205435,1.15405837277649e-05
-72.8759023687941,9.82536089205435,2.38861011894187e-05
-72.4267447267353,9.82536089205435,3.02932294289349e-05
-71.9775870846765,9.82536089205435,-9999
-71.5284294426177,9.82536089205435,-9999
-71.0792718005588,9.82536089205435,2.13088751479518e-05
-70.6301141585,9.82536089205435,2.03909439733252e-05
-70.1809565164412,9.82536089205435,1.71942720044171e-05
-69.7317988743823,9.82536089205435,1.25872556964168e-05
-69.2826412323235,9.82536089205435,1.14898293759325e-05
-68.8334835902647,9.82536089205435,1.25505694086314e-05
-68.3843259482059,9.82536089205435,1.21917464639409e-05
-67.935168306147,9.82536089205435,7.74528962210752e-06
-67.4860106640882,9.82536089205435,4.93869447382167e-06
-67.0368530220294,9.82536089205435,7.90543163020629e-06
-81.4098975679118,9.37620324998913,-9999
-80.9607399258529,9.37620324998913,-9999
-80.5115822837941,9.37620324998913,-9999
-80.0624246417353,9.37620324998913,4.47002275905106e-05
-79.6132669996765,9.37620324998913,3.34248543367721e-05
-79.1641093576176,9.37620324998913,3.10263203573413e-05
-78.7149517155588,9.37620324998913,1.22478313642205e-05
-78.2657940735,9.37620324998913,1.39463190862443e-05
-77.8166364314412,9.37620324998913,-9999
-77.3674787893824,9.37620324998913,-9999
-76.9183211473235,9.37620324998913,-9999
-76.4691635052647,9.37620324998913,-9999
-76.0200058632059,9.37620324998913,1.59187711687991e-05
-75.5708482211471,9.37620324998913,9.43720078794286e-06
-75.1216905790882,9.37620324998913,6.99779184287763e-06
-74.6725329370294,9.37620324998913,5.0901944632642e-06
-74.2233752949706,9.37620324998913,7.87017597758677e-06
-73.7742176529118,9.37620324998913,8.3608147178893e-06
-73.3250600108529,9.37620324998913,1.86158340511611e-05
-72.8759023687941,9.37620324998913,2.8808197384933e-05
-72.4267447267353,9.37620324998913,3.28804308082908e-05
-71.9775870846765,9.37620324998913,5.74293298996054e-05
-71.5284294426177,9.37620324998913,-9999
-71.0792718005588,9.37620324998913,4.15798713220283e-05
-70.6301141585,9.37620324998913,2.58963482338004e-05
-70.1809565164412,9.37620324998913,1.53895543917315e-05
-69.7317988743823,9.37620324998913,1.9083952793153e-05
-69.2826412323235,9.37620324998913,1.13221876745229e-05
-68.8334835902647,9.37620324998913,7.87816679803655e-06
-68.3843259482059,9.37620324998913,7.25840936866007e-06
-67.935168306147,9.37620324998913,2.81075472230441e-06
-67.4860106640882,9.37620324998913,3.41277200277545e-06
-67.0368530220294,9.37620324998913,3.51415883415029e-06
-81.4098975679118,8.92704560792391,-9999
-80.9607399258529,8.92704560792391,5.00415189890191e-05
-80.5115822837941,8.92704560792391,9.4146016635932e-05
-80.0624246417353,8.92704560792391,4.69794103992172e-05
-79.6132669996765,8.92704560792391,3.15610959660262e-05
-79.1641093576176,8.92704560792391,2.49914082814939e-05
-78.7149517155588,8.92704560792391,2.21146328840405e-05
-78.2657940735,8.92704560792391,1.84932396223303e-05
-77.8166364314412,8.92704560792391,1.56662154040532e-05
-77.3674787893824,8.92704560792391,-9999
-76.9183211473235,8.92704560792391,-9999
-76.4691635052647,8.92704560792391,-9999
-76.0200058632059,8.92704560792391,1.70700186572503e-05
-75.5708482211471,8.92704560792391,1.1400740731915e-05
-75.1216905790882,8.92704560792391,1.24585722005577e-05
-74.6725329370294,8.92704560792391,1.8865022866521e-05
-74.2233752949706,8.92704560792391,1.44915875353036e-05
-73.7742176529118,8.92704560792391,1.34288566187024e-05
-73.3250600108529,8.92704560792391,2.45059454755392e-05
-72.8759023687941,8.92704560792391,3.85829443985131e-05
-72.4267447267353,8.92704560792391,4.50860170531087e-05
-71.9775870846765,8.92704560792391,4.50076586275827e-05
-71.5284294426177,8.92704560792391,4.21908262069337e-05
-71.0792718005588,8.92704560792391,3.27544403262436e-05
-70.6301141585,8.92704560792391,1.22926139738411e-05
-70.1809565164412,8.92704560792391,1.32960540213389e-05
-69.7317988743823,8.92704560792391,1.25840088003315e-05
-69.2826412323235,8.92704560792391,8.79140679899137e-06
-68.8334835902647,8.92704560792391,9.07616049516946e-06
-68.3843259482059,8.92704560792391,2.1488899619726e-06
-67.935168306147,8.92704560792391,2.56295408007645e-07
-67.4860106640882,8.92704560792391,2.12618928685515e-07
-67.0368530220294,8.92704560792391,2.95422324825267e-07
-81.4098975679118,8.4778879658587,4.61253730463795e-05
-80.9607399258529,8.4778879658587,5.92551805311814e-05
-80.5115822837941,8.4778879658587,4.17859482695349e-05
-80.0624246417353,8.4778879658587,2.22812268475536e-05
-79.6132669996765,8.4778879658587,1.41684558911948e-05
-79.1641093576176,8.4778879658587,1.47944310810999e-05
-78.7149517155588,8.4778879658587,2.12642171391053e-05
-78.2657940735,8.4778879658587,2.00763934117276e-05
-77.8166364314412,8.4778879658587,2.54070073424373e-05
-77.3674787893824,8.4778879658587,5.19241802976467e-05
-76.9183211473235,8.4778879658587,4.84826960018836e-05
-76.4691635052647,8.4778879658587,5.03186020068824e-05
-76.0200058632059,8.4778879658587,2.49523218371905e-05
-75.5708482211471,8.4778879658587,1.21335142466705e-05
-75.1216905790882,8.4778879658587,2.89455492747948e-05
-74.6725329370294,8.4778879658587,4.93485640618019e-05
-74.2233752949706,8.4778879658587,3.81692661903799e-05
-73.7742176529118,8.4778879658587,2.05618252948625e-05
-73.3250600108529,8.4778879658587,2.75873098871671e-05
-72.8759023687941,8.4778879658587,5.02238253830001e-05
-72.4267447267353,8.4778879658587,7.70008991821669e-05
-71.9775870846765,8.4778879658587,7.10371677996591e-05
-71.5284294426177,8.4778879658587,4.04612728743814e-05
-71.0792718005588,8.4778879658587,2.01240254682489e-05
-70.6301141585,8.4778879658587,1.6391577446484e-05
-70.1809565164412,8.4778879658587,9.58926557359518e-06
-69.7317988743823,8.4778879658587,6.4737537286419e-06
-69.2826412323235,8.4778879658587,5.89797764405375e-06
-68.8334835902647,8.4778879658587,6.03832404522109e-06
-68.3843259482059,8.4778879658587,4.27312386364065e-07
-67.935168306147,8.4778879658587,0
-67.4860106640882,8.4778879658587,0
-67.0368530220294,8.4778879658587,1.47609069411914e-09
-81.4098975679118,8.02873032379348,2.39530909311725e-05
-80.9607399258529,8.02873032379348,2.26322554226499e-05
-80.5115822837941,8.02873032379348,1.14979166028206e-05
-80.0624246417353,8.02873032379348,8.30976205179468e-06
-79.6132669996765,8.02873032379348,-9999
-79.1641093576176,8.02873032379348,2.41410289163468e-05
-78.7149517155588,8.02873032379348,-9999
-78.2657940735,8.02873032379348,4.44216930191033e-05
-77.8166364314412,8.02873032379348,5.71358832530677e-05
-77.3674787893824,8.02873032379348,6.14857126493007e-05
-76.9183211473235,8.02873032379348,7.21460237400606e-05
-76.4691635052647,8.02873032379348,6.2365630583372e-05
-76.0200058632059,8.02873032379348,3.69138106179889e-05
-75.5708482211471,8.02873032379348,2.13870989682619e-05
-75.1216905790882,8.02873032379348,3.49221045325976e-05
-74.6725329370294,8.02873032379348,5.03659794048872e-05
-74.2233752949706,8.02873032379348,3.39171892846934e-05
-73.7742176529118,8.02873032379348,1.53868786583189e-05
-73.3250600108529,8.02873032379348,1.85020689968951e-05
-72.8759023687941,8.02873032379348,4.1892195440596e-05
-72.4267447267353,8.02873032379348,8.17071195342578e-05
-71.9775870846765,8.02873032379348,2.75297243206296e-05
-71.5284294426177,8.02873032379348,1.99308524315711e-05
-71.0792718005588,8.02873032379348,1.77630317921285e-05
-70.6301141585,8.02873032379348,1.43045526783681e-05
-70.1809565164412,8.02873032379348,7.26419102647924e-06
-69.7317988743823,8.02873032379348,5.20559206051985e-06
-69.2826412323235,8.02873032379348,3.78213007934391e-06
-68.8334835902647,8.02873032379348,3.8959542507655e-06
-68.3843259482059,8.02873032379348,2.72594320449571e-06
-67.935168306147,8.02873032379348,3.69183482007429e-07
-67.4860106640882,8.02873032379348,6.424437870578e-09
-67.0368530220294,8.02873032379348,0
-81.4098975679118,7.57957268172826,-9999
-80.9607399258529,7.57957268172826,2.28977660299279e-05
-80.5115822837941,7.57957268172826,1.18140569611569e-05
-80.0624246417353,7.57957268172826,2.5240540253435e-06
-79.6132669996765,7.57957268172826,-9999
-79.1641093576176,7.57957268172826,-9999
-78.7149517155588,7.57957268172826,-9999
-78.2657940735,7.57957268172826,8.37843399494886e-05
-77.8166364314412,7.57957268172826,9.26626598811708e-05
-77.3674787893824,7.57957268172826,9.94428846752271e-05
-76.9183211473235,7.57957268172826,0.000132155837491155
-76.4691635052647,7.57957268172826,0.00017322797793895
-76.0200058632059,7.57957268172826,0.000129382518935017
-75.5708482211471,7.57957268172826,4.44525358034298e-05
-75.1216905790882,7.57957268172826,4.84514675918035e-05
-74.6725329370294,7.57957268172826,3.86207684641704e-05
-74.2233752949706,7.57957268172826,2.80616877716966e-05
-73.7742176529118,7.57957268172826,3.28012902173214e-05
-73.3250600108529,7.57957268172826,4.2039839172503e-05
-72.8759023687941,7.57957268172826,3.2785304938443e-05
-72.4267447267353,7.57957268172826,2.78497864201199e-05
-71.9775870846765,7.57957268172826,4.49893923359923e-05
-71.5284294426177,7.57957268172826,2.90078569378238e-05
-71.0792718005588,7.57957268172826,2.20967849600129e-05
-70.6301141585,7.57957268172826,1.48193003042252e-05
-70.1809565164412,7.57957268172826,6.98536405252526e-06
-69.7317988743823,7.57957268172826,4.96500479130191e-06
-69.2826412323235,7.57957268172826,3.4616966786416e-06
-68.8334835902647,7.57957268172826,9.53958874561067e-07
-68.3843259482059,7.57957268172826,1.21954542464664e-06
-67.935168306147,7.57957268172826,2.90537218461395e-06
-67.4860106640882,7.57957268172826,1.66343215823872e-06
-67.0368530220294,7.57957268172826,4.77035769108625e-07
-81.4098975679118,7.13041503966304,-9999
-80.9607399258529,7.13041503966304,-9999
-80.5115822837941,7.13041503966304,-9999
-80.0624246417353,7.13041503966304,-9999
-79.6132669996765,7.13041503966304,-9999
-79.1641093576176,7.13041503966304,-9999
-78.7149517155588,7.13041503966304,-9999
-78.2657940735,7.13041503966304,-9999
-77.8166364314412,7.13041503966304,9.01218227227218e-05
-77.3674787893824,7.13041503966304,0.000119090975204017
-76.9183211473235,7.13041503966304,0.000174745218828321
-76.4691635052647,7.13041503966304,0.000174522981978953
-76.0200058632059,7.13041503966304,9.04667540453374e-05
-75.5708482211471,7.13041503966304,3.6516779800877e-05
-75.1216905790882,7.13041503966304,3.65757005056366e-05
-74.6725329370294,7.13041503966304,3.85199164156802e-05
-74.2233752949706,7.13041503966304,5.36912411917001e-05
-73.7742176529118,7.13041503966304,3.76698299078271e-05
-73.3250600108529,7.13041503966304,2.19993671635166e-05
-72.8759023687941,7.13041503966304,1.56004098244011e-05
-72.4267447267353,7.13041503966304,2.1219113477855e-05
-71.9775870846765,7.13041503966304,5.74043406231795e-05
-71.5284294426177,7.13041503966304,3.02396147162654e-05
-71.0792718005588,7.13041503966304,2.09258632821729e-05
-70.6301141585,7.13041503966304,1.08602971522487e-05
-70.1809565164412,7.13041503966304,5.28883629158372e-06
-69.7317988743823,7.13041503966304,5.69898384128464e-06
-69.2826412323235,7.13041503966304,5.79478137296974e-06
-68.8334835902647,7.13041503966304,3.13329405798868e-06
-68.3843259482059,7.13041503966304,2.07379412131559e-06
-67.935168306147,7.13041503966304,2.74311378234415e-06
-67.4860106640882,7.13041503966304,1.96805262930866e-06
-67.0368530220294,7.13041503966304,1.28401404708711e-06
-81.4098975679118,6.68125739759783,-9999
-80.9607399258529,6.68125739759783,-9999
-80.5115822837941,6.68125739759783,-9999
-80.0624246417353,6.68125739759783,-9999
-79.6132669996765,6.68125739759783,-9999
-79.1641093576176,6.68125739759783,-9999
-78.7149517155588,6.68125739759783,-9999
-78.2657940735,6.68125739759783,-9999
-77.8166364314412,6.68125739759783,-9999
-77.3674787893824,6.68125739759783,0.000146255741128698
-76.9183211473235,6.68125739759783,0.000189180776942521
-76.4691635052647,6.68125739759783,0.000154125082190149
-76.0200058632059,6.68125739759783,7.29888124624267e-05
-75.5708482211471,6.68125739759783,4.13164161727764e-05
-75.1216905790882,6.68125739759783,5.43795686098747e-05
-74.6725329370294,6.68125739759783,5.88492112001404e-05
-74.2233752949706,6.68125739759783,6.43610401311889e-05
-73.7742176529118,6.68125739759783,5.64740112167783e-05
-73.3250600108529,6.68125739759783,2.33500049944269e-05
-72.8759023687941,6.68125739759783,1.95446718862513e-05
-72.4267447267353,6.68125739759783,1.6772313756519e-05
-71.9775870846765,6.68125739759783,3.39364160026889e-05
-71.5284294426177,6.68125739759783,2.98986597044859e-05
-71.0792718005588,6.68125739759783,2.76781047432451e-05
-70.6301141585,6.68125739759783,1.52233442349825e-05
-70.1809565164412,6.68125739759783,1.1669886589516e-05
-69.7317988743823,6.68125739759783,9.72658835962648e-06
-69.2826412323235,6.68125739759783,7.32364014766063e-06
-68.8334835902647,6.68125739759783,6.13765769230668e-06
-68.3843259482059,6.68125739759783,4.78776200907305e-06
-67.935168306147,6.68125739759783,5.33571665073396e-06
-67.4860106640882,6.68125739759783,5.85787847739994e-06
-67.0368530220294,6.68125739759783,6.01898500462994e-06
-81.4098975679118,6.23209975553261,-9999
-80.9607399258529,6.23209975553261,-9999
-80.5115822837941,6.23209975553261,-9999
-80.0624246417353,6.23209975553261,-9999
-79.6132669996765,6.23209975553261,-9999
-79.1641093576176,6.23209975553261,-9999
-78.7149517155588,6.23209975553261,-9999
-78.2657940735,6.23209975553261,-9999
-77.8166364314412,6.23209975553261,-9999
-77.3674787893824,6.23209975553261,0.000186617224244401
-76.9183211473235,6.23209975553261,0.000219812558498234
-76.4691635052647,6.23209975553261,0.000196528024389409
-76.0200058632059,6.23209975553261,8.92974057933316e-05
-75.5708482211471,6.23209975553261,3.54300645994954e-05
-75.1216905790882,6.23209975553261,8.98260332178324e-05
-74.6725329370294,6.23209975553261,9.23400366446003e-05
-74.2233752949706,6.23209975553261,8.22362708277069e-05
-73.7742176529118,6.23209975553261,5.66721282666549e-05
-73.3250600108529,6.23209975553261,3.82959406124428e-05
-72.8759023687941,6.23209975553261,3.05999092233833e-05
-72.4267447267353,6.23209975553261,1.58955335791688e-05
-71.9775870846765,6.23209975553261,2.73216537607368e-05
-71.5284294426177,6.23209975553261,3.16160439979285e-05
-71.0792718005588,6.23209975553261,2.43791546381544e-05
-70.6301141585,6.23209975553261,1.7118878531619e-05
-70.1809565164412,6.23209975553261,1.59368610184174e-05
-69.7317988743823,6.23209975553261,1.29062054838869e-05
-69.2826412323235,6.23209975553261,8.36094477563165e-06
-68.8334835902647,6.23209975553261,8.3017184806522e-06
-68.3843259482059,6.23209975553261,1.14597623905865e-05
-67.935168306147,6.23209975553261,8.84481505636359e-06
-67.4860106640882,6.23209975553261,8.22819674795028e-06
-67.0368530220294,6.23209975553261,9.66780498856679e-06
-81.4098975679118,5.78294211346739,-9999
-80.9607399258529,5.78294211346739,-9999
-80.5115822837941,5.78294211346739,-9999
-80.0624246417353,5.78294211346739,-9999
-79.6132669996765,5.78294211346739,-9999
-79.1641093576176,5.78294211346739,-9999
-78.7149517155588,5.78294211346739,-9999
-78.2657940735,5.78294211346739,-9999
-77.8166364314412,5.78294211346739,-9999
-77.3674787893824,5.78294211346739,0.000199204863747582
-76.9183211473235,5.78294211346739,0.00021435396047309
-76.4691635052647,5.78294211346739,0.000218565968680196
-76.0200058632059,5.78294211346739,0.000128375279018655
-75.5708482211471,5.78294211346739,5.25328323419672e-05
-75.1216905790882,5.78294211346739,9.58349482971244e-05
-74.6725329370294,5.78294211346739,8.80752268130891e-05
-74.2233752949706,5.78294211346739,7.90267658885568e-05
-73.7742176529118,5.78294211346739,3.6657143937191e-05
-73.3250600108529,5.78294211346739,2.39932833210332e-05
-72.8759023687941,5.78294211346739,1.74731885635993e-05
-72.4267447267353,5.78294211346739,1.98025663848966e-05
-71.9775870846765,5.78294211346739,3.59717196261045e-05
-71.5284294426177,5.78294211346739,3.9572776586283e-05
-71.0792718005588,5.78294211346739,3.59532787115313e-05
-70.6301141585,5.78294211346739,2.40725748881232e-05
-70.1809565164412,5.78294211346739,1.82190178747987e-05
-69.7317988743823,5.78294211346739,1.54487624968169e-05
-69.2826412323235,5.78294211346739,1.40791689773323e-05
-68.8334835902647,5.78294211346739,1.3979271898279e-05
-68.3843259482059,5.78294211346739,1.68751357705332e-05
-67.935168306147,5.78294211346739,1.33072226162767e-05
-67.4860106640882,5.78294211346739,1.18417492558365e-05
-67.0368530220294,5.78294211346739,2.02270566660445e-05
-81.4098975679118,5.33378447140218,-9999
-80.9607399258529,5.33378447140218,-9999
-80.5115822837941,5.33378447140218,-9999
-80.0624246417353,5.33378447140218,-9999
-79.6132669996765,5.33378447140218,-9999
-79.1641093576176,5.33378447140218,-9999
-78.7149517155588,5.33378447140218,-9999
-78.2657940735,5.33378447140218,-9999
-77.8166364314412,5.33378447140218,-9999
-77.3674787893824,5.33378447140218,0.000169603677932173
-76.9183211473235,5.33378447140218,0.00019213704217691
-76.4691635052647,5.33378447140218,0.000218229717575014
-76.0200058632059,5.33378447140218,0.000147006954648532
-75.5708482211471,5.33378447140218,6.35598044027574e-05
-75.1216905790882,5.33378447140218,9.58426244324073e-05
-74.6725329370294,5.33378447140218,6.95836715749465e-05
-74.2233752949706,5.33378447140218,5.97607577219605e-05
-73.7742176529118,5.33378447140218,2.39701148530003e-05
-73.3250600108529,5.33378447140218,1.67096986842807e-05
-72.8759023687941,5.33378447140218,2.85468195215799e-05
-72.4267447267353,5.33378447140218,4.30948057328351e-05
-71.9775870846765,5.33378447140218,3.6319575883681e-05
-71.5284294426177,5.33378447140218,4.02275873057079e-05
-71.0792718005588,5.33378447140218,4.69818114652298e-05
-70.6301141585,5.33378447140218,3.46486303897109e-05
-70.1809565164412,5.33378447140218,2.63452293438604e-05
-69.7317988743823,5.33378447140218,2.5673314667074e-05
-69.2826412323235,5.33378447140218,2.69142838078551e-05
-68.8334835902647,5.33378447140218,2.08463625313016e-05
-68.3843259482059,5.33378447140218,1.84142481884919e-05
-67.935168306147,5.33378447140218,1.47720311360899e-05
-67.4860106640882,5.33378447140218,1.81476480065612e-05
-67.0368530220294,5.33378447140218,2.18004115595249e-05
-81.4098975679118,4.88462682933696,-9999
-80.9607399258529,4.88462682933696,-9999
-80.5115822837941,4.88462682933696,-9999
-80.0624246417353,4.88462682933696,-9999
-79.6132669996765,4.88462682933696,-9999
-79.1641093576176,4.88462682933696,-9999
-78.7149517155588,4.88462682933696,-9999
-78.2657940735,4.88462682933696,-9999
-77.8166364314412,4.88462682933696,-9999
-77.3674787893824,4.88462682933696,0.000179277179995552
-76.9183211473235,4.88462682933696,0.000179809983819723
-76.4691635052647,4.88462682933696,0.00018980803724844
-76.0200058632059,4.88462682933696,8.8811808382161e-05
-75.5708482211471,4.88462682933696,5.17290100106038e-05
-75.1216905790882,4.88462682933696,5.03398987348191e-05
-74.6725329370294,4.88462682933696,3.73840812244453e-05
-74.2233752949706,4.88462682933696,3.4602104278747e-05
-73.7742176529118,4.88462682933696,2.30693804041948e-05
-73.3250600108529,4.88462682933696,2.53108701144811e-05
-72.8759023687941,4.88462682933696,4.85077216580976e-05
-72.4267447267353,4.88462682933696,5.18388187629171e-05
-71.9775870846765,4.88462682933696,3.44185973517597e-05
-71.5284294426177,4.88462682933696,3.41025042871479e-05
-71.0792718005588,4.88462682933696,3.44856489391532e-05
-70.6301141585,4.88462682933696,3.9336911868304e-05
-70.1809565164412,4.88462682933696,4.25793659815099e-05
-69.7317988743823,4.88462682933696,3.92287802242208e-05
-69.2826412323235,4.88462682933696,3.16676814691164e-05
-68.8334835902647,4.88462682933696,3.28361602441873e-05
-68.3843259482059,4.88462682933696,2.44824750552652e-05
-67.935168306147,4.88462682933696,2.53032376349438e-05
-67.4860106640882,4.88462682933696,3.36916200467385e-05
-67.0368530220294,4.88462682933696,2.76906466751825e-05
-81.4098975679118,4.43546918727174,-9999
-80.9607399258529,4.43546918727174,-9999
-80.5115822837941,4.43546918727174,-9999
-80.0624246417353,4.43546918727174,-9999
-79.6132669996765,4.43546918727174,-9999
-79.1641093576176,4.43546918727174,-9999
-78.7149517155588,4.43546918727174,-9999
-78.2657940735,4.43546918727174,-9999
-77.8166364314412,4.43546918727174,-9999
-77.3674787893824,4.43546918727174,0.000157338785356842
-76.9183211473235,4.43546918727174,0.000146629463415593
-76.4691635052647,4.43546918727174,0.000109369459096342
-76.0200058632059,4.43546918727174,4.34547400800511e-05
-75.5708482211471,4.43546918727174,5.29049175383989e-05
-75.1216905790882,4.43546918727174,4.03734156861901e-05
-74.6725329370294,4.43546918727174,3.76412572222762e-05
-74.2233752949706,4.43546918727174,2.77746567007853e-05
-73.7742176529118,4.43546918727174,4.02955665776972e-05
-73.3250600108529,4.43546918727174,7.54435750422999e-05
-72.8759023687941,4.43546918727174,7.16590584488586e-05
-72.4267447267353,4.43546918727174,4.6842651499901e-05
-71.9775870846765,4.43546918727174,4.96017746627331e-05
-71.5284294426177,4.43546918727174,4.03856356570031e-05
-71.0792718005588,4.43546918727174,4.45546975242905e-05
-70.6301141585,4.43546918727174,5.1909879402956e-05
-70.1809565164412,4.43546918727174,5.22130758326966e-05
-69.7317988743823,4.43546918727174,4.02314908569679e-05
-69.2826412323235,4.43546918727174,3.68371620425023e-05
-68.8334835902647,4.43546918727174,4.19418429373764e-05
-68.3843259482059,4.43546918727174,3.29459326167125e-05
-67.935168306147,4.43546918727174,3.35942531819455e-05
-67.4860106640882,4.43546918727174,3.88539701816626e-05
-67.0368530220294,4.43546918727174,3.27480011037551e-05
-81.4098975679118,3.98631154520652,-9999
-80.9607399258529,3.98631154520652,-9999
-80.5115822837941,3.98631154520652,-9999
-80.0624246417353,3.98631154520652,-9999
-79.6132669996765,3.98631154520652,-9999
-79.1641093576176,3.98631154520652,-9999
-78.7149517155588,3.98631154520652,-9999
-78.2657940735,3.98631154520652,-9999
-77.8166364314412,3.98631154520652,-9999
-77.3674787893824,3.98631154520652,0.00012963660992682
-76.9183211473235,3.98631154520652,0.000108018037280999
-76.4691635052647,3.98631154520652,4.05599203077145e-05
-76.0200058632059,3.98631154520652,5.48043753951788e-05
-75.5708482211471,3.98631154520652,8.07722826721147e-05
-75.1216905790882,3.98631154520652,7.72090716054663e-05
-74.6725329370294,3.98631154520652,6.0683745687129e-05
-74.2233752949706,3.98631154520652,4.44674442405812e-05
-73.7742176529118,3.98631154520652,0.000103962200228125
-73.3250600108529,3.98631154520652,9.51498223003e-05
-72.8759023687941,3.98631154520652,8.23251175461337e-05
-72.4267447267353,3.98631154520652,7.91295533417724e-05
-71.9775870846765,3.98631154520652,7.23919220035896e-05
-71.5284294426177,3.98631154520652,5.78993713133968e-05
-71.0792718005588,3.98631154520652,4.44987745140679e-05
-70.6301141585,3.98631154520652,5.58209358132444e-05
-70.1809565164412,3.98631154520652,6.11041250522248e-05
-69.7317988743823,3.98631154520652,5.55284677830059e-05
-69.2826412323235,3.98631154520652,5.19318964506965e-05
-68.8334835902647,3.98631154520652,5.11635953444056e-05
-68.3843259482059,3.98631154520652,5.15028150402941e-05
-67.935168306147,3.98631154520652,4.83722033095546e-05
-67.4860106640882,3.98631154520652,4.98615190736018e-05
-67.0368530220294,3.98631154520652,4.41736956418026e-05
-81.4098975679118,3.53715390314131,-9999
-80.9607399258529,3.53715390314131,-9999
-80.5115822837941,3.53715390314131,-9999
-80.0624246417353,3.53715390314131,-9999
-79.6132669996765,3.53715390314131,-9999
-79.1641093576176,3.53715390314131,-9999
-78.7149517155588,3.53715390314131,-9999
-78.2657940735,3.53715390314131,-9999
-77.8166364314412,3.53715390314131,-9999
-77.3674787893824,3.53715390314131,0.00022170388547238
-76.9183211473235,3.53715390314131,0.000147483879118226
-76.4691635052647,3.53715390314131,7.60537368478253e-05
-76.0200058632059,3.53715390314131,4.5930159103591e-05
-75.5708482211471,3.53715390314131,8.21507273940369e-05
-75.1216905790882,3.53715390314131,6.57006385154091e-05
-74.6725329370294,3.53715390314131,6.41726946923882e-05
-74.2233752949706,3.53715390314131,6.87985302647576e-05
-73.7742176529118,3.53715390314131,8.41985383885913e-05
-73.3250600108529,3.53715390314131,8.69036302901804e-05
-72.8759023687941,3.53715390314131,7.69347825553268e-05
-72.4267447267353,3.53715390314131,7.6364100095816e-05
-71.9775870846765,3.53715390314131,5.20888570463285e-05
-71.5284294426177,3.53715390314131,5.22060618095566e-05
-71.0792718005588,3.53715390314131,4.77692592539825e-05
-70.6301141585,3.53715390314131,5.46993323951028e-05
-70.1809565164412,3.53715390314131,5.51673401787411e-05
-69.7317988743823,3.53715390314131,6.6685868659988e-05
-69.2826412323235,3.53715390314131,6.33352101431228e-05
-68.8334835902647,3.53715390314131,6.19232887402177e-05
-68.3843259482059,3.53715390314131,5.62714012630749e-05
-67.935168306147,3.53715390314131,5.47342133359052e-05
-67.4860106640882,3.53715390314131,5.62904133403208e-05
-67.0368530220294,3.53715390314131,5.22942427778617e-05
-81.4098975679118,3.08799626107609,-9999
-80.9607399258529,3.08799626107609,-9999
-80.5115822837941,3.08799626107609,-9999
-80.0624246417353,3.08799626107609,-9999
-79.6132669996765,3.08799626107609,-9999
-79.1641093576176,3.08799626107609,-9999
-78.7149517155588,3.08799626107609,-9999
-78.2657940735,3.08799626107609,-9999
-77.8166364314412,3.08799626107609,0.000266431859927252
-77.3674787893824,3.08799626107609,0.000284275040030479
-76.9183211473235,3.08799626107609,0.000164207303896546
-76.4691635052647,3.08799626107609,7.41731855669059e-05
-76.0200058632059,3.08799626107609,5.49001524632331e-05
-75.5708482211471,3.08799626107609,6.5458967583254e-05
-75.1216905790882,3.08799626107609,5.90279305470176e-05
-74.6725329370294,3.08799626107609,5.65090667805634e-05
-74.2233752949706,3.08799626107609,5.9656234952854e-05
-73.7742176529118,3.08799626107609,5.7956302043749e-05
-73.3250600108529,3.08799626107609,7.12387263774872e-05
-72.8759023687941,3.08799626107609,7.14453053660691e-05
-72.4267447267353,3.08799626107609,6.60596560919657e-05
-71.9775870846765,3.08799626107609,5.04002819070593e-05
-71.5284294426177,3.08799626107609,5.04390045534819e-05
-71.0792718005588,3.08799626107609,5.1878687372664e-05
-70.6301141585,3.08799626107609,6.06484754825942e-05
-70.1809565164412,3.08799626107609,6.08611844654661e-05
-69.7317988743823,3.08799626107609,7.15009809937328e-05
-69.2826412323235,3.08799626107609,6.69237197143957e-05
-68.8334835902647,3.08799626107609,6.19995917077176e-05
-68.3843259482059,3.08799626107609,5.67080969631206e-05
-67.935168306147,3.08799626107609,5.56477607460693e-05
-67.4860106640882,3.08799626107609,5.88192560826428e-05
-67.0368530220294,3.08799626107609,5.94827579334378e-05
-81.4098975679118,2.63883861901087,-9999
-80.9607399258529,2.63883861901087,-9999
-80.5115822837941,2.63883861901087,-9999
-80.0624246417353,2.63883861901087,-9999
-79.6132669996765,2.63883861901087,-9999
-79.1641093576176,2.63883861901087,-9999
-78.7149517155588,2.63883861901087,0.000189049911568873
-78.2657940735,2.63883861901087,0.000226537682465278
-77.8166364314412,2.63883861901087,0.000303474749671295
-77.3674787893824,2.63883861901087,0.000259776890743524
-76.9183211473235,2.63883861901087,0.000129747306345962
-76.4691635052647,2.63883861901087,8.50555734359659e-05
-76.0200058632059,2.63883861901087,6.18937046965584e-05
-75.5708482211471,2.63883861901087,8.2499289419502e-05
-75.1216905790882,2.63883861901087,7.75663647800684e-05
-74.6725329370294,2.63883861901087,6.57756318105385e-05
-74.2233752949706,2.63883861901087,6.31334842182696e-05
-73.7742176529118,2.63883861901087,6.68072752887383e-05
-73.3250600108529,2.63883861901087,7.40547911846079e-05
-72.8759023687941,2.63883861901087,6.76033232593909e-05
-72.4267447267353,2.63883861901087,5.39469256182201e-05
-71.9775870846765,2.63883861901087,4.74155167466961e-05
-71.5284294426177,2.63883861901087,4.70113518531434e-05
-71.0792718005588,2.63883861901087,4.9819442210719e-05
-70.6301141585,2.63883861901087,5.27512966073118e-05
-70.1809565164412,2.63883861901087,5.99375925958157e-05
-69.7317988743823,2.63883861901087,6.85103295836598e-05
-69.2826412323235,2.63883861901087,5.95578967477195e-05
-68.8334835902647,2.63883861901087,5.50015902263112e-05
-68.3843259482059,2.63883861901087,5.43909372936469e-05
-67.935168306147,2.63883861901087,5.15144129167311e-05
-67.4860106640882,2.63883861901087,5.9652124036802e-05
-67.0368530220294,2.63883861901087,7.63892821851186e-05
-81.4098975679118,2.18968097694565,-9999
-80.9607399258529,2.18968097694565,-9999
-80.5115822837941,2.18968097694565,-9999
-80.0624246417353,2.18968097694565,-9999
-79.6132669996765,2.18968097694565,-9999
-79.1641093576176,2.18968097694565,-9999
-78.7149517155588,2.18968097694565,0.000214086772757582
-78.2657940735,2.18968097694565,0.000311055657221004
-77.8166364314412,2.18968097694565,0.00028178549837321
-77.3674787893824,2.18968097694565,0.000164829179993831
-76.9183211473235,2.18968097694565,0.00012158635945525
-76.4691635052647,2.18968097694565,7.89000405347906e-05
-76.0200058632059,2.18968097694565,4.95755375595763e-05
-75.5708482211471,2.18968097694565,6.68679858790711e-05
-75.1216905790882,2.18968097694565,7.02366887708195e-05
-74.6725329370294,2.18968097694565,7.07217695889995e-05
-74.2233752949706,2.18968097694565,8.04220471763983e-05
-73.7742176529118,2.18968097694565,8.0412530223839e-05
-73.3250600108529,2.18968097694565,7.51812258386053e-05
-72.8759023687941,2.18968097694565,5.90207746427041e-05
-72.4267447267353,2.18968097694565,5.10798163304571e-05
-71.9775870846765,2.18968097694565,5.26985786564182e-05
-71.5284294426177,2.18968097694565,4.66493438580073e-05
-71.0792718005588,2.18968097694565,5.35415929334704e-05
-70.6301141585,2.18968097694565,5.70732154301368e-05
-70.1809565164412,2.18968097694565,6.5389191149734e-05
-69.7317988743823,2.18968097694565,6.44141982775182e-05
-69.2826412323235,2.18968097694565,5.69743497180752e-05
-68.8334835902647,2.18968097694565,5.64535730518401e-05
-68.3843259482059,2.18968097694565,6.82579120621085e-05
-67.935168306147,2.18968097694565,7.10907333996147e-05
-67.4860106640882,2.18968097694565,7.55926084821112e-05
-67.0368530220294,2.18968097694565,7.86692180554383e-05
-81.4098975679118,1.74052333488044,-9999
-80.9607399258529,1.74052333488044,-9999
-80.5115822837941,1.74052333488044,-9999
-80.0624246417353,1.74052333488044,-9999
-79.6132669996765,1.74052333488044,-9999
-79.1641093576176,1.74052333488044,0.000122105368063785
-78.7149517155588,1.74052333488044,0.000206313474336639
-78.2657940735,1.74052333488044,0.000336327939294279
-77.8166364314412,1.74052333488044,0.000248213880695403
-77.3674787893824,1.74052333488044,0.000112637411803007
-76.9183211473235,1.74052333488044,9.1609988885466e-05
-76.4691635052647,1.74052333488044,5.11891485075466e-05
-76.0200058632059,1.74052333488044,3.39011967298575e-05
-75.5708482211471,1.74052333488044,5.8936289860867e-05
-75.1216905790882,1.74052333488044,6.39412246528082e-05
-74.6725329370294,1.74052333488044,8.7439562776126e-05
-74.2233752949706,1.74052333488044,0.000105075821920764
-73.7742176529118,1.74052333488044,9.66728403000161e-05
-73.3250600108529,1.74052333488044,7.90506819612347e-05
-72.8759023687941,1.74052333488044,6.37025514151901e-05
-72.4267447267353,1.74052333488044,6.55697149340995e-05
-71.9775870846765,1.74052333488044,5.90242198086344e-05
-71.5284294426177,1.74052333488044,6.11201976425946e-05
-71.0792718005588,1.74052333488044,6.24995809630491e-05
-70.6301141585,1.74052333488044,6.03961598244496e-05
-70.1809565164412,1.74052333488044,7.93330982560292e-05
-69.7317988743823,1.74052333488044,8.09798948466778e-05
-69.2826412323235,1.74052333488044,7.4596973718144e-05
-68.8334835902647,1.74052333488044,6.80762605043128e-05
-68.3843259482059,1.74052333488044,7.13991612428799e-05
-67.935168306147,1.74052333488044,7.65355143812485e-05
-67.4860106640882,1.74052333488044,7.68098252592608e-05
-67.0368530220294,1.74052333488044,7.77778186602518e-05
-81.4098975679118,1.29136569281522,-9999
-80.9607399258529,1.29136569281522,-9999
-80.5115822837941,1.29136569281522,-9999
-80.0624246417353,1.29136569281522,-9999
-79.6132669996765,1.29136569281522,-9999
-79.1641093576176,1.29136569281522,0.000178071626578458
-78.7149517155588,1.29136569281522,0.000284226844087243
-78.2657940735,1.29136569281522,0.000283780769677833
-77.8166364314412,1.29136569281522,0.000155335539602675
-77.3674787893824,1.29136569281522,6.74897601129487e-05
-76.9183211473235,1.29136569281522,6.71580055495724e-05
-76.4691635052647,1.29136569281522,7.27410515537485e-05
-76.0200058632059,1.29136569281522,8.83047905517742e-05
-75.5708482211471,1.29136569281522,7.95570231275633e-05
-75.1216905790882,1.29136569281522,7.97963293734938e-05
-74.6725329370294,1.29136569281522,0.000115720351459458
-74.2233752949706,1.29136569281522,0.000126351267681457
-73.7742176529118,1.29136569281522,9.62891426752321e-05
-73.3250600108529,1.29136569281522,8.05311210569926e-05
-72.8759023687941,1.29136569281522,6.43232706352137e-05
-72.4267447267353,1.29136569281522,6.52808957966045e-05
-71.9775870846765,1.29136569281522,7.15346322976984e-05
-71.5284294426177,1.29136569281522,7.38240487407893e-05
-71.0792718005588,1.29136569281522,6.79889344610274e-05
-70.6301141585,1.29136569281522,6.78812357364222e-05
-70.1809565164412,1.29136569281522,9.46472282521427e-05
-69.7317988743823,1.29136569281522,0.000100584897154476
-69.2826412323235,1.29136569281522,8.94419281394221e-05
-68.8334835902647,1.29136569281522,7.43733980925754e-05
-68.3843259482059,1.29136569281522,6.71357702231035e-05
-67.935168306147,1.29136569281522,7.46359437471256e-05
-67.4860106640882,1.29136569281522,8.51864751894027e-05
-67.0368530220294,1.29136569281522,9.09132795641199e-05
-81.4098975679118,0.842208050750001,-9999
-80.9607399258529,0.842208050750001,-9999
-80.5115822837941,0.842208050750001,-9999
-80.0624246417353,0.842208050750001,-9999
-79.6132669996765,0.842208050750001,7.37481605028734e-05
-79.1641093576176,0.842208050750001,0.000215626889257692
-78.7149517155588,0.842208050750001,0.000245117204030976
-78.2657940735,0.842208050750001,0.000166484824148938
-77.8166364314412,0.842208050750001,6.15105382166803e-05
-77.3674787893824,0.842208050750001,5.52846358914394e-05
-76.9183211473235,0.842208050750001,8.35538376122713e-05
-76.4691635052647,0.842208050750001,0.000117994553875178
-76.0200058632059,0.842208050750001,0.000113030946522485
-75.5708482211471,0.842208050750001,9.76382289081812e-05
-75.1216905790882,0.842208050750001,9.39801975619048e-05
-74.6725329370294,0.842208050750001,0.000100732082501054
-74.2233752949706,0.842208050750001,0.000101023644674569
-73.7742176529118,0.842208050750001,8.41081928228959e-05
-73.3250600108529,0.842208050750001,7.18856827006675e-05
-72.8759023687941,0.842208050750001,5.92473006690852e-05
-72.4267447267353,0.842208050750001,6.28926791250706e-05
-71.9775870846765,0.842208050750001,8.7940577941481e-05
-71.5284294426177,0.842208050750001,8.32344521768391e-05
-71.0792718005588,0.842208050750001,8.09330231277272e-05
-70.6301141585,0.842208050750001,8.11833670013584e-05
-70.1809565164412,0.842208050750001,9.44627172430046e-05
-69.7317988743823,0.842208050750001,9.04157059267163e-05
-69.2826412323235,0.842208050750001,9.29652596823871e-05
-68.8334835902647,0.842208050750001,8.60018699313514e-05
-68.3843259482059,0.842208050750001,8.89244111021981e-05
-67.935168306147,0.842208050750001,9.17507059057243e-05
-67.4860106640882,0.842208050750001,9.12405375856906e-05
-67.0368530220294,0.842208050750001,9.5657873316668e-05
-81.4098975679118,0.393050408684784,-9999
-80.9607399258529,0.393050408684784,-9999
-80.5115822837941,0.393050408684784,-9999
-80.0624246417353,0.393050408684784,7.25274658179842e-05
-79.6132669996765,0.393050408684784,9.35842617764138e-05
-79.1641093576176,0.393050408684784,0.000121948229207192
-78.7149517155588,0.393050408684784,6.55841577099636e-05
-78.2657940735,0.393050408684784,2.94669953291304e-05
-77.8166364314412,0.393050408684784,4.29882820753846e-05
-77.3674787893824,0.393050408684784,8.82347085280344e-05
-76.9183211473235,0.393050408684784,0.000100232151453383
-76.4691635052647,0.393050408684784,9.90898115560412e-05
-76.0200058632059,0.393050408684784,8.05540621513501e-05
-75.5708482211471,0.393050408684784,8.60289001138881e-05
-75.1216905790882,0.393050408684784,8.58996500028297e-05
-74.6725329370294,0.393050408684784,8.09297052910551e-05
-74.2233752949706,0.393050408684784,7.93670114944689e-05
-73.7742176529118,0.393050408684784,7.58295209379867e-05
-73.3250600108529,0.393050408684784,7.48895254218951e-05
-72.8759023687941,0.393050408684784,8.38795385789126e-05
-72.4267447267353,0.393050408684784,8.80662846611813e-05
-71.9775870846765,0.393050408684784,9.79453616309911e-05
-71.5284294426177,0.393050408684784,0.000104718768852763
-71.0792718005588,0.393050408684784,0.000102235884696711
-70.6301141585,0.393050408684784,9.95873924694024e-05
-70.1809565164412,0.393050408684784,9.46139916777611e-05
-69.7317988743823,0.393050408684784,9.3573318736162e-05
-69.2826412323235,0.393050408684784,9.74274298641831e-05
-68.8334835902647,0.393050408684784,0.000100413337349892
-68.3843259482059,0.393050408684784,0.000115759219625033
-67.935168306147,0.393050408684784,0.000106083585706074
-67.4860106640882,0.393050408684784,8.66191840032116e-05
-67.0368530220294,0.393050408684784,8.02598733571358e-05
-81.4098975679118,-0.056107233380434,-9999
-80.9607399258529,-0.056107233380434,-9999
-80.5115822837941,-0.056107233380434,1.54061017383356e-05
-80.0624246417353,-0.056107233380434,3.52900642610621e-05
-79.6132669996765,-0.056107233380434,9.6713803941384e-05
-79.1641093576176,-0.056107233380434,0.000119477474072482
-78.7149517155588,-0.056107233380434,6.05623135925271e-05
-78.2657940735,-0.056107233380434,2.58757791016251e-05
-77.8166364314412,-0.056107233380434,4.66656856588088e-05
-77.3674787893824,-0.056107233380434,8.21150897536427e-05
-76.9183211473235,-0.056107233380434,9.49871246120892e-05
-76.4691635052647,-0.056107233380434,8.9921937615145e-05
-76.0200058632059,-0.056107233380434,7.89343466749415e-05
-75.5708482211471,-0.056107233380434,7.92008577263914e-05
-75.1216905790882,-0.056107233380434,9.13941476028413e-05
-74.6725329370294,-0.056107233380434,8.51506920298561e-05
-74.2233752949706,-0.056107233380434,7.01503086020239e-05
-73.7742176529118,-0.056107233380434,7.45151264709421e-05
-73.3250600108529,-0.056107233380434,8.21339926915243e-05
-72.8759023687941,-0.056107233380434,9.13063704501837e-05
-72.4267447267353,-0.056107233380434,9.78035241132602e-05
-71.9775870846765,-0.056107233380434,0.000116082606837153
-71.5284294426177,-0.056107233380434,0.000127041770610958
-71.0792718005588,-0.056107233380434,0.000127073973999359
-70.6301141585,-0.056107233380434,0.000111869463580661
-70.1809565164412,-0.056107233380434,0.000106926585431211
-69.7317988743823,-0.056107233380434,0.000108086351247039
-69.2826412323235,-0.056107233380434,0.00010498019400984
-68.8334835902647,-0.056107233380434,8.88412032509223e-05
-68.3843259482059,-0.056107233380434,0.00011332723806845
-67.935168306147,-0.056107233380434,0.000108321371953934
-67.4860106640882,-0.056107233380434,9.12980467546731e-05
-67.0368530220294,-0.056107233380434,9.01627572602592e-05
-81.4098975679118,-0.505264875445651,-9999
-80.9607399258529,-0.505264875445651,-9999
-80.5115822837941,-0.505264875445651,1.84770979103632e-05
-80.0624246417353,-0.505264875445651,3.38016543537378e-05
-79.6132669996765,-0.505264875445651,9.03278560144827e-05
-79.1641093576176,-0.505264875445651,7.34866116545163e-05
-78.7149517155588,-0.505264875445651,3.22005653288215e-05
-78.2657940735,-0.505264875445651,3.84737941203639e-05
-77.8166364314412,-0.505264875445651,7.45040524634533e-05
-77.3674787893824,-0.505264875445651,8.52910088724457e-05
-76.9183211473235,-0.505264875445651,7.99091212684289e-05
-76.4691635052647,-0.505264875445651,7.32751359464601e-05
-76.0200058632059,-0.505264875445651,7.83476134529337e-05
-75.5708482211471,-0.505264875445651,8.13202495919541e-05
-75.1216905790882,-0.505264875445651,9.27354121813551e-05
-74.6725329370294,-0.505264875445651,9.45013453019783e-05
-74.2233752949706,-0.505264875445651,9.24218402360566e-05
-73.7742176529118,-0.505264875445651,9.23920306377113e-05
-73.3250600108529,-0.505264875445651,9.88648316706531e-05
-72.8759023687941,-0.505264875445651,0.000113281028461643
-72.4267447267353,-0.505264875445651,0.000120437936857343
-71.9775870846765,-0.505264875445651,0.000132106113596819
-71.5284294426177,-0.505264875445651,0.00013599413796328
-71.0792718005588,-0.505264875445651,0.000124900179798715
-70.6301141585,-0.505264875445651,0.000105181279650424
-70.1809565164412,-0.505264875445651,9.97005990939215e-05
-69.7317988743823,-0.505264875445651,0.000105689068732318
-69.2826412323235,-0.505264875445651,0.000103002974356059
-68.8334835902647,-0.505264875445651,9.74511276581325e-05
-68.3843259482059,-0.505264875445651,0.000115738832391798
-67.935168306147,-0.505264875445651,0.000105854269349948
-67.4860106640882,-0.505264875445651,9.66236693784595e-05
-67.0368530220294,-0.505264875445651,0.000101869722129777
-81.4098975679118,-0.954422517510867,-9999
-80.9607399258529,-0.954422517510867,5.56702434550971e-06
-80.5115822837941,-0.954422517510867,9.53340259002289e-06
-80.0624246417353,-0.954422517510867,5.26192852703389e-05
-79.6132669996765,-0.954422517510867,8.15715102362446e-05
-79.1641093576176,-0.954422517510867,6.9429341237992e-05
-78.7149517155588,-0.954422517510867,2.22638846025802e-05
-78.2657940735,-0.954422517510867,6.27737463219091e-05
-77.8166364314412,-0.954422517510867,9.35940552153625e-05
-77.3674787893824,-0.954422517510867,8.41391301946715e-05
-76.9183211473235,-0.954422517510867,7.66781304264441e-05
-76.4691635052647,-0.954422517510867,6.82766985846683e-05
-76.0200058632059,-0.954422517510867,7.19467207090929e-05
-75.5708482211471,-0.954422517510867,7.91705751908012e-05
-75.1216905790882,-0.954422517510867,9.16590579436161e-05
-74.6725329370294,-0.954422517510867,9.99278854578733e-05
-74.2233752949706,-0.954422517510867,9.21698228921741e-05
-73.7742176529118,-0.954422517510867,9.16681965463795e-05
-73.3250600108529,-0.954422517510867,0.000104369020846207
-72.8759023687941,-0.954422517510867,0.000106020335806534
-72.4267447267353,-0.954422517510867,0.000129881838802248
-71.9775870846765,-0.954422517510867,0.000133805922814645
-71.5284294426177,-0.954422517510867,0.000132866189233027
-71.0792718005588,-0.954422517510867,0.000124821279314347
-70.6301141585,-0.954422517510867,0.000113927060738206
-70.1809565164412,-0.954422517510867,0.000100550947536249
-69.7317988743823,-0.954422517510867,0.000106057137600146
-69.2826412323235,-0.954422517510867,0.000101700607046951
-68.8334835902647,-0.954422517510867,0.000106075887742918
-68.3843259482059,-0.954422517510867,0.000113553731353022
-67.935168306147,-0.954422517510867,0.000111087298137136
-67.4860106640882,-0.954422517510867,0.000107173960714135
-67.0368530220294,-0.954422517510867,0.000109839325887151
-81.4098975679118,-1.40358015957608,-9999
-80.9607399258529,-1.40358015957608,-9999
-80.5115822837941,-1.40358015957608,9.05117303773295e-06
-80.0624246417353,-1.40358015957608,3.38503778039012e-05
-79.6132669996765,-1.40358015957608,4.06979779654648e-05
-79.1641093576176,-1.40358015957608,4.25487160100602e-05
-78.7149517155588,-1.40358015957608,3.43380415870342e-05
-78.2657940735,-1.40358015957608,9.98008108581416e-05
-77.8166364314412,-1.40358015957608,0.000110525157651864
-77.3674787893824,-1.40358015957608,8.19541455712169e-05
-76.9183211473235,-1.40358015957608,7.78451649239287e-05
-76.4691635052647,-1.40358015957608,7.01444514561445e-05
-76.0200058632059,-1.40358015957608,6.69852452119812e-05
-75.5708482211471,-1.40358015957608,7.703120354563e-05
-75.1216905790882,-1.40358015957608,9.23616389627568e-05
-74.6725329370294,-1.40358015957608,9.80636759777553e-05
-74.2233752949706,-1.40358015957608,0.000101570403785445
-73.7742176529118,-1.40358015957608,9.61662008194253e-05
-73.3250600108529,-1.40358015957608,0.000110894499812275
-72.8759023687941,-1.40358015957608,0.000114516056783032
-72.4267447267353,-1.40358015957608,0.00011278159217909
-71.9775870846765,-1.40358015957608,0.000121333781862631
-71.5284294426177,-1.40358015957608,0.000128852974739857
-71.0792718005588,-1.40358015957608,0.000126562707009725
-70.6301141585,-1.40358015957608,0.000121597717225086
-70.1809565164412,-1.40358015957608,0.000112211317173205
-69.7317988743823,-1.40358015957608,0.000124140788102522
-69.2826412323235,-1.40358015957608,0.000119418960821349
-68.8334835902647,-1.40358015957608,0.000116691822768189
-68.3843259482059,-1.40358015957608,0.00012152262206655
-67.935168306147,-1.40358015957608,0.000115560185804497
-67.4860106640882,-1.40358015957608,0.000100602519523818
-67.0368530220294,-1.40358015957608,0.0001086706033675
-81.4098975679118,-1.8527378016413,-9999
-80.9607399258529,-1.8527378016413,-9999
-80.5115822837941,-1.8527378016413,6.45498357698671e-06
-80.0624246417353,-1.8527378016413,1.99382448045071e-05
-79.6132669996765,-1.8527378016413,3.10983778035734e-05
-79.1641093576176,-1.8527378016413,3.61434977094177e-05
-78.7149517155588,-1.8527378016413,3.13993732561357e-05
-78.2657940735,-1.8527378016413,9.81712000793777e-05
-77.8166364314412,-1.8527378016413,0.000128668994875625
-77.3674787893824,-1.8527378016413,9.66181760304607e-05
-76.9183211473235,-1.8527378016413,7.64120995881967e-05
-76.4691635052647,-1.8527378016413,7.24063283996657e-05
-76.0200058632059,-1.8527378016413,7.50101025914773e-05
-75.5708482211471,-1.8527378016413,8.25451788841747e-05
-75.1216905790882,-1.8527378016413,9.42014594329521e-05
-74.6725329370294,-1.8527378016413,0.000100228149676695
-74.2233752949706,-1.8527378016413,0.000106571198557504
-73.7742176529118,-1.8527378016413,0.00010826737707248
-73.3250600108529,-1.8527378016413,0.000119149197416846
-72.8759023687941,-1.8527378016413,0.000125446662423201
-72.4267447267353,-1.8527378016413,0.000126130355056375
-71.9775870846765,-1.8527378016413,0.000126253798953258
-71.5284294426177,-1.8527378016413,0.000129436462884769
-71.0792718005588,-1.8527378016413,0.000128093786770478
-70.6301141585,-1.8527378016413,0.00012846672325395
-70.1809565164412,-1.8527378016413,0.000125278034829535
-69.7317988743823,-1.8527378016413,0.000135705529828556
-69.2826412323235,-1.8527378016413,0.000127310529933311
-68.8334835902647,-1.8527378016413,0.000127780978800729
-68.3843259482059,-1.8527378016413,0.000120613884064369
-67.935168306147,-1.8527378016413,0.00010838515299838
-67.4860106640882,-1.8527378016413,9.73833812167868e-05
-67.0368530220294,-1.8527378016413,0.000105432132841088
-81.4098975679118,-2.30189544370652,-9999
-80.9607399258529,-2.30189544370652,5.18085812473146e-07
-80.5115822837941,-2.30189544370652,1.10547125586891e-06
-80.0624246417353,-2.30189544370652,6.57755481370259e-06
-79.6132669996765,-2.30189544370652,1.44451269079582e-05
-79.1641093576176,-2.30189544370652,2.3255586711457e-05
-78.7149517155588,-2.30189544370652,2.24397954298183e-05
-78.2657940735,-2.30189544370652,6.79779768688604e-05
-77.8166364314412,-2.30189544370652,0.000107697313069366
-77.3674787893824,-2.30189544370652,9.47259613894857e-05
-76.9183211473235,-2.30189544370652,7.83271752879955e-05
-76.4691635052647,-2.30189544370652,7.54604116082191e-05
-76.0200058632059,-2.30189544370652,7.55949658923782e-05
-75.5708482211471,-2.30189544370652,9.7380019724369e-05
-75.1216905790882,-2.30189544370652,0.000100154873507563
-74.6725329370294,-2.30189544370652,9.86089289654046e-05
-74.2233752949706,-2.30189544370652,0.000112367742985953
-73.7742176529118,-2.30189544370652,0.000115369228296913
-73.3250600108529,-2.30189544370652,0.000119912729132921
-72.8759023687941,-2.30189544370652,0.000118611453217454
-72.4267447267353,-2.30189544370652,0.000131455672089942
-71.9775870846765,-2.30189544370652,0.000123255289508961
-71.5284294426177,-2.30189544370652,0.00012275883636903
-71.0792718005588,-2.30189544370652,0.000129028630908579
-70.6301141585,-2.30189544370652,0.000133669047500007
-70.1809565164412,-2.30189544370652,0.000135693160700612
-69.7317988743823,-2.30189544370652,0.000131426524603739
-69.2826412323235,-2.30189544370652,0.000136522576212883
-68.8334835902647,-2.30189544370652,0.000146561462315731
-68.3843259482059,-2.30189544370652,0.000145757177961059
-67.935168306147,-2.30189544370652,0.000127018050989136
-67.4860106640882,-2.30189544370652,0.000109422937384807
-67.0368530220294,-2.30189544370652,0.000106523984868545
-81.4098975679118,-2.75105308577174,-9999
-80.9607399258529,-2.75105308577174,-9999
-80.5115822837941,-2.75105308577174,9.41014889122016e-07
-80.0624246417353,-2.75105308577174,4.56347061117413e-06
-79.6132669996765,-2.75105308577174,1.31748083731509e-05
-79.1641093576176,-2.75105308577174,2.93463926936965e-05
-78.7149517155588,-2.75105308577174,3.67183674825355e-05
-78.2657940735,-2.75105308577174,8.54491809150204e-05
-77.8166364314412,-2.75105308577174,0.000110272863821592
-77.3674787893824,-2.75105308577174,0.000105720937426668
-76.9183211473235,-2.75105308577174,9.14512493181974e-05
-76.4691635052647,-2.75105308577174,9.02413521544077e-05
-76.0200058632059,-2.75105308577174,8.45536414999515e-05
-75.5708482211471,-2.75105308577174,9.44791609072126e-05
-75.1216905790882,-2.75105308577174,9.61293553700671e-05
-74.6725329370294,-2.75105308577174,0.000101997975434642
-74.2233752949706,-2.75105308577174,0.000120016498840414
-73.7742176529118,-2.75105308577174,0.000117968498670962
-73.3250600108529,-2.75105308577174,0.000105917541077361
-72.8759023687941,-2.75105308577174,0.000107690364529844
-72.4267447267353,-2.75105308577174,0.000117898773169145
-71.9775870846765,-2.75105308577174,0.000119626754894853
-71.5284294426177,-2.75105308577174,0.000115904054837301
-71.0792718005588,-2.75105308577174,0.000122260797070339
-70.6301141585,-2.75105308577174,0.0001285272592213
-70.1809565164412,-2.75105308577174,0.000125531849334948
-69.7317988743823,-2.75105308577174,0.000130933796754107
-69.2826412323235,-2.75105308577174,0.000137013499625027
-68.8334835902647,-2.75105308577174,0.000148548337165266
-68.3843259482059,-2.75105308577174,0.00014688323426526
-67.935168306147,-2.75105308577174,0.000136328701046295
-67.4860106640882,-2.75105308577174,0.000107881882286165
-67.0368530220294,-2.75105308577174,9.25682834349573e-05
-81.4098975679118,-3.20021072783695,-9999
-80.9607399258529,-3.20021072783695,-9999
-80.5115822837941,-3.20021072783695,9.16462511213467e-07
-80.0624246417353,-3.20021072783695,7.34711920813425e-06
-79.6132669996765,-3.20021072783695,1.65196779562393e-05
-79.1641093576176,-3.20021072783695,2.79828436759999e-05
-78.7149517155588,-3.20021072783695,4.85796663269866e-05
-78.2657940735,-3.20021072783695,8.35426544654183e-05
-77.8166364314412,-3.20021072783695,8.66654227138497e-05
-77.3674787893824,-3.20021072783695,8.16979008959606e-05
-76.9183211473235,-3.20021072783695,9.04475891729817e-05
-76.4691635052647,-3.20021072783695,9.86136583378538e-05
-76.0200058632059,-3.20021072783695,9.30071546463296e-05
-75.5708482211471,-3.20021072783695,8.7673484813422e-05
-75.1216905790882,-3.20021072783695,8.74304823810235e-05
-74.6725329370294,-3.20021072783695,0.000100556571851484
-74.2233752949706,-3.20021072783695,0.00011769391130656
-73.7742176529118,-3.20021072783695,0.000100681463663932
-73.3250600108529,-3.20021072783695,9.79472388280556e-05
-72.8759023687941,-3.20021072783695,0.000102777710708324
-72.4267447267353,-3.20021072783695,0.000121583456348162
-71.9775870846765,-3.20021072783695,0.000109613029053435
-71.5284294426177,-3.20021072783695,0.000113273286842741
-71.0792718005588,-3.20021072783695,0.000112734858703334
-70.6301141585,-3.20021072783695,0.000121925339044537
-70.1809565164412,-3.20021072783695,0.000124805432278663
-69.7317988743823,-3.20021072783695,0.000130220578284934
-69.2826412323235,-3.20021072783695,0.000140917501994409
-68.8334835902647,-3.20021072783695,0.000139103663968854
-68.3843259482059,-3.20021072783695,0.00014363789523486
-67.935168306147,-3.20021072783695,0.000157919217599556
-67.4860106640882,-3.20021072783695,0.000135124922962859
-67.0368530220294,-3.20021072783695,0.000124063648399897
-81.4098975679118,-3.64936836990217,-9999
-80.9607399258529,-3.64936836990217,5.8668014446539e-08
-80.5115822837941,-3.64936836990217,1.15747434392688e-06
-80.0624246417353,-3.64936836990217,1.44726282087504e-05
-79.6132669996765,-3.64936836990217,3.01202962873504e-05
-79.1641093576176,-3.64936836990217,4.45766308985185e-05
-78.7149517155588,-3.64936836990217,6.69393630232662e-05
-78.2657940735,-3.64936836990217,8.70159783517011e-05
-77.8166364314412,-3.64936836990217,9.73662317846902e-05
-77.3674787893824,-3.64936836990217,9.49797977227718e-05
-76.9183211473235,-3.64936836990217,9.57091251621023e-05
-76.4691635052647,-3.64936836990217,9.07573121367022e-05
-76.0200058632059,-3.64936836990217,9.1573063400574e-05
-75.5708482211471,-3.64936836990217,6.83147081872448e-05
-75.1216905790882,-3.64936836990217,7.42159463698044e-05
-74.6725329370294,-3.64936836990217,9.29073867155239e-05
-74.2233752949706,-3.64936836990217,0.000109496904769912
-73.7742176529118,-3.64936836990217,9.9958611826878e-05
-73.3250600108529,-3.64936836990217,9.47512307902798e-05
-72.8759023687941,-3.64936836990217,9.55350988078862e-05
-72.4267447267353,-3.64936836990217,9.67887754086405e-05
-71.9775870846765,-3.64936836990217,9.35054777073674e-05
-71.5284294426177,-3.64936836990217,9.95538357528858e-05
-71.0792718005588,-3.64936836990217,0.000100392979220487
-70.6301141585,-3.64936836990217,0.000111782181193121
-70.1809565164412,-3.64936836990217,0.000124112484627403
-69.7317988743823,-3.64936836990217,0.000131225358927622
-69.2826412323235,-3.64936836990217,0.000135312307975255
-68.8334835902647,-3.64936836990217,0.000144361780257896
-68.3843259482059,-3.64936836990217,0.00014630687655881
-67.935168306147,-3.64936836990217,0.000146496575325727
-67.4860106640882,-3.64936836990217,0.000137878014356829
-67.0368530220294,-3.64936836990217,0.000124430327559821
-81.4098975679118,-4.09852601196739,1.24704672543885e-06
-80.9607399258529,-4.09852601196739,3.16501285624327e-07
-80.5115822837941,-4.09852601196739,1.74761180460337e-06
-80.0624246417353,-4.09852601196739,7.80332538852235e-06
-79.6132669996765,-4.09852601196739,1.76046378328465e-05
-79.1641093576176,-4.09852601196739,5.03361261507962e-05
-78.7149517155588,-4.09852601196739,8.62908927956596e-05
-78.2657940735,-4.09852601196739,9.40198515309021e-05
-77.8166364314412,-4.09852601196739,9.64885766734369e-05
-77.3674787893824,-4.09852601196739,9.84777143457904e-05
-76.9183211473235,-4.09852601196739,9.24179330468178e-05
-76.4691635052647,-4.09852601196739,8.43996676849201e-05
-76.0200058632059,-4.09852601196739,7.85337178967893e-05
-75.5708482211471,-4.09852601196739,7.81509734224528e-05
-75.1216905790882,-4.09852601196739,8.45789472805336e-05
-74.6725329370294,-4.09852601196739,9.60796314757317e-05
-74.2233752949706,-4.09852601196739,9.66543302638456e-05
-73.7742176529118,-4.09852601196739,9.72831112449057e-05
-73.3250600108529,-4.09852601196739,9.27130895433947e-05
-72.8759023687941,-4.09852601196739,9.91363922366872e-05
-72.4267447267353,-4.09852601196739,0.000101260317023844
-71.9775870846765,-4.09852601196739,9.40478348638862e-05
-71.5284294426177,-4.09852601196739,0.000101910562079865
-71.0792718005588,-4.09852601196739,9.78740717982873e-05
-70.6301141585,-4.09852601196739,9.98642717604525e-05
-70.1809565164412,-4.09852601196739,0.000119519798317924
-69.7317988743823,-4.09852601196739,0.000122672558063641
-69.2826412323235,-4.09852601196739,0.000124339319881983
-68.8334835902647,-4.09852601196739,0.000135401671286672
-68.3843259482059,-4.09852601196739,0.000156852824147791
-67.935168306147,-4.09852601196739,0.000159786199219525
-67.4860106640882,-4.09852601196739,0.000144760706461966
-67.0368530220294,-4.09852601196739,0.000123645731946453
